Benchmark,MSVC Median (us),MSVC Mean (us),MSVC StdDev (us),MSVC CV (%),MSVC-PGO Median (us),MSVC-PGO Mean (us),MSVC-PGO StdDev (us),MSVC-PGO CV (%),Clang Median (us),Clang Mean (us),Clang StdDev (us),Clang CV (%),GCC Median (us),GCC Mean (us),GCC StdDev (us),GCC CV (%)
BM_AuHashMap_Insert_String/32768,1498.06,1494.71,9.54,0.64,1325.89,1328.82,4.01,0.30,1428.39,1428.39,0.66,0.05,1914.57,1918.82,5.83,0.30
BM_AuHashMap_Insert_String/4096,163.22,163.22,0.24,0.15,142.79,142.79,0.10,0.07,153.81,156.54,6.14,3.92,138.11,137.80,0.42,0.30
BM_AuHashMap_Insert_String/512,19.71,19.73,0.09,0.47,16.95,16.92,0.05,0.28,18.26,18.24,0.09,0.47,16.54,16.54,0.00,0.00
BM_AuHashMap_Insert_String/65536,3223.92,3216.59,16.38,0.51,2870.86,2867.72,13.13,0.46,3069.20,3062.22,9.55,0.31,3550.22,3558.25,10.99,0.31
BM_AuHashMap_Insert_String_NoReserve/32768,2469.31,2762.28,401.19,14.52,2221.68,2507.32,396.74,15.82,3243.58,3194.75,669.79,20.97,4248.05,4252.93,10.92,0.26
BM_AuHashMap_Insert_String_NoReserve/4096,276.22,276.22,0.24,0.09,241.95,242.22,1.09,0.45,277.78,277.78,1.57,0.56,251.99,252.59,0.81,0.32
BM_AuHashMap_Insert_String_NoReserve/512,32.26,32.19,0.10,0.30,27.62,27.56,0.09,0.31,32.26,32.19,0.20,0.62,29.51,29.47,0.17,0.58
BM_AuHashMap_Insert_String_NoReserve/65536,6669.66,6707.13,127.07,1.89,6127.45,6127.45,63.69,1.04,6733.02,6798.89,127.81,1.88,7456.43,7448.06,18.73,0.25
BM_AuHashMap_Insert_i32/32768,713.87,715.48,2.20,0.31,223.39,224.12,1.09,0.49,481.10,482.18,1.48,0.31,465.29,465.79,2.12,0.45
BM_AuHashMap_Insert_i32/4096,80.49,80.40,0.20,0.25,24.69,24.72,0.06,0.25,57.75,58.20,0.84,1.45,55.24,55.18,0.26,0.46
BM_AuHashMap_Insert_i32/512,10.16,10.15,0.02,0.25,3.22,3.22,0.02,0.62,7.34,7.33,0.02,0.24,6.94,6.98,0.05,0.73
BM_AuHashMap_Insert_i32/65536,1569.48,1565.99,4.78,0.30,502.23,501.67,1.25,0.25,1752.23,1457.59,408.56,28.03,1742.57,1742.57,6.85,0.39
BM_AuHashMap_Insert_i32_NoReserve/32768,1117.42,1119.93,3.44,0.31,529.47,657.23,285.69,43.47,1142.81,1387.14,343.57,24.77,1514.28,1510.90,4.63,0.31
BM_AuHashMap_Insert_i32_NoReserve/4096,132.57,135.79,6.42,4.73,60.53,60.67,0.71,1.16,132.57,133.30,2.20,1.65,104.35,104.47,0.77,0.74
BM_AuHashMap_Insert_i32_NoReserve/512,17.29,17.25,0.05,0.31,8.58,8.62,0.11,1.33,16.76,16.72,0.11,0.64,13.73,13.72,0.06,0.47
BM_AuHashMap_Insert_i32_NoReserve/65536,2379.71,2771.97,549.16,19.81,1132.89,1131.62,2.85,0.25,2379.71,2779.81,547.89,19.71,3490.05,3486.04,8.97,0.26
BM_AuHashMap_Iterate_i32/32768,10.52,10.54,0.03,0.30,10.61,10.65,0.08,0.75,4.28,4.32,0.08,1.95,5.15,5.12,0.08,1.51
BM_AuHashMap_Iterate_i32/4096,1.30,1.30,0.00,0.30,1.30,1.30,0.01,0.46,0.50,0.50,0.00,0.25,0.62,0.62,0.00,0.30
BM_AuHashMap_Iterate_i32/512,0.17,0.17,0.00,0.30,0.17,0.17,0.00,0.25,0.06,0.06,0.00,0.30,0.08,0.08,0.00,0.00
BM_AuHashMap_Iterate_i32/65536,21.73,21.73,0.00,0.02,21.54,21.51,0.05,0.24,9.94,9.93,0.02,0.25,10.61,10.59,0.03,0.31
BM_AuHashMap_Lookup_String_Hit0/32768,1.84,1.84,0.01,0.31,1.65,1.65,0.00,0.25,1.63,1.67,0.07,4.24,1.70,1.70,0.01,0.68
BM_AuHashMap_Lookup_String_Hit0/4096,1.54,1.54,0.01,0.47,1.37,1.36,0.01,0.93,1.36,1.36,0.01,0.47,1.44,1.44,0.01,0.74
BM_AuHashMap_Lookup_String_Hit0/512,1.49,1.48,0.02,1.14,1.30,1.30,0.01,0.82,1.28,1.30,0.05,3.92,1.36,1.36,0.02,1.34
BM_AuHashMap_Lookup_String_Hit0/65536,1.88,1.88,0.01,0.40,1.70,1.70,0.01,0.31,1.69,1.69,0.00,0.13,1.75,1.75,0.00,0.25
BM_AuHashMap_Lookup_String_Hit100/32768,4.60,4.66,0.11,2.46,4.60,4.61,0.01,0.25,3.35,3.36,0.01,0.30,3.26,3.26,0.00,0.00
BM_AuHashMap_Lookup_String_Hit100/4096,3.49,3.48,0.01,0.32,3.48,3.49,0.02,0.57,2.59,2.59,0.01,0.31,2.59,2.60,0.02,0.59
BM_AuHashMap_Lookup_String_Hit100/512,2.86,2.85,0.01,0.25,2.82,2.82,0.01,0.24,2.19,2.18,0.01,0.31,2.18,2.17,0.02,0.79
BM_AuHashMap_Lookup_String_Hit100/65536,4.73,4.73,0.01,0.25,4.73,4.73,0.02,0.39,3.43,3.43,0.01,0.40,3.35,3.34,0.01,0.30
BM_AuHashMap_Lookup_String_Hit50/32768,3.31,3.31,0.01,0.39,3.22,3.22,0.02,0.51,2.55,2.55,0.01,0.49,2.59,2.59,0.01,0.31
BM_AuHashMap_Lookup_String_Hit50/4096,2.85,2.85,0.01,0.26,2.75,2.75,0.01,0.31,2.21,2.21,0.01,0.42,2.29,2.28,0.01,0.65
BM_AuHashMap_Lookup_String_Hit50/512,2.32,2.32,0.02,0.69,2.24,2.23,0.01,0.67,1.85,1.85,0.01,0.46,1.94,1.93,0.02,0.97
BM_AuHashMap_Lookup_String_Hit50/65536,3.40,3.40,0.01,0.25,3.30,3.31,0.01,0.32,2.62,2.62,0.01,0.38,2.65,2.65,0.01,0.31
BM_AuHashMap_Lookup_i32_Hit0/32768,1.04,1.04,0.01,0.50,0.73,0.73,0.00,0.25,0.68,0.68,0.01,0.74,0.79,0.79,0.00,0.49
BM_AuHashMap_Lookup_i32_Hit0/4096,1.00,1.00,0.01,0.73,0.68,0.68,0.00,0.67,0.60,0.60,0.01,1.20,0.74,0.74,0.01,0.86
BM_AuHashMap_Lookup_i32_Hit0/512,0.99,0.99,0.00,0.47,0.69,0.69,0.01,1.83,0.58,0.60,0.03,4.21,0.73,0.74,0.02,2.21
BM_AuHashMap_Lookup_i32_Hit0/65536,1.07,1.08,0.02,2.11,0.74,0.74,0.00,0.32,0.72,0.72,0.00,0.46,0.80,0.80,0.00,0.39
BM_AuHashMap_Lookup_i32_Hit100/32768,1.49,1.49,0.00,0.30,1.06,1.06,0.01,0.47,0.94,0.94,0.01,0.56,1.19,1.19,0.00,0.30
BM_AuHashMap_Lookup_i32_Hit100/4096,1.00,1.02,0.03,2.77,0.72,0.72,0.00,0.61,0.62,0.62,0.00,0.30,0.81,0.81,0.01,1.08
BM_AuHashMap_Lookup_i32_Hit100/512,0.95,0.94,0.01,0.93,0.70,0.70,0.01,1.49,0.53,0.54,0.01,2.63,0.77,0.77,0.00,0.61
BM_AuHashMap_Lookup_i32_Hit100/65536,1.61,1.61,0.01,0.36,1.14,1.14,0.00,0.25,1.01,1.01,0.01,0.61,1.27,1.27,0.00,0.00
BM_AuHashMap_Lookup_i32_Hit50/32768,1.37,1.37,0.01,0.74,0.97,0.97,0.00,0.47,0.93,0.92,0.00,0.31,1.09,1.10,0.01,1.14
BM_AuHashMap_Lookup_i32_Hit50/4096,1.20,1.20,0.01,0.47,0.86,0.86,0.00,0.50,0.78,0.78,0.00,0.64,1.00,1.00,0.01,0.92
BM_AuHashMap_Lookup_i32_Hit50/512,1.19,1.19,0.01,0.63,0.84,0.84,0.01,0.95,0.74,0.74,0.01,1.01,0.99,0.99,0.01,1.15
BM_AuHashMap_Lookup_i32_Hit50/65536,1.46,1.46,0.00,0.30,1.03,1.03,0.01,0.51,0.99,0.99,0.00,0.25,1.15,1.15,0.01,0.49
BM_AuHashMap_Mixed_i32/32768,1381.64,1381.64,5.49,0.40,537.11,537.72,1.36,0.25,1035.91,1035.91,4.07,0.39,1086.43,1088.87,3.34,0.31
BM_AuHashMap_Mixed_i32/4096,164.79,164.97,0.41,0.25,61.21,61.41,0.52,0.84,120.85,120.45,0.60,0.50,127.27,126.98,0.39,0.31
BM_AuHashMap_Mixed_i32/512,20.86,20.74,0.21,1.02,8.16,8.20,0.07,0.91,15.21,15.24,0.05,0.31,15.91,16.10,0.37,2.30
BM_AuHashMap_Mixed_i32/65536,3835.43,3478.03,489.38,14.07,1195.21,1377.85,404.65,29.37,3121.51,2943.64,388.06,13.18,2999.07,2992.44,9.08,0.30
BM_AuResult_ErrorRate_1pct/1024/1,3.91,3.91,0.00,0.05,4.28,4.28,0.01,0.25,3.03,3.03,0.00,0.06,3.19,3.19,0.01,0.24
BM_AuResult_ErrorRate_1pct/1024/4,9.93,9.93,0.04,0.40,9.15,9.12,0.05,0.50,8.43,8.44,0.02,0.25,8.41,8.39,0.03,0.30
BM_AuResult_ErrorRate_1pct/1024/8,18.99,18.99,0.07,0.39,19.82,19.78,0.06,0.31,16.30,16.28,0.04,0.25,15.37,15.38,0.07,0.47
BM_AuResult_ErrorRate_1pct/16384/1,63.13,63.06,0.16,0.25,69.06,68.90,0.21,0.31,48.92,49.19,0.38,0.78,51.06,50.89,0.25,0.49
BM_AuResult_ErrorRate_1pct/16384/4,160.97,161.15,0.40,0.25,147.44,147.78,0.45,0.31,136.58,136.42,0.34,0.25,135.03,135.33,0.42,0.31
BM_AuResult_ErrorRate_1pct/16384/8,306.47,305.81,0.91,0.30,320.87,320.52,1.91,0.60,263.85,263.26,0.81,0.31,249.72,249.16,0.76,0.31
BM_AuResult_ErrorRate_25pct/1024/1,6.91,6.91,0.02,0.25,7.18,7.16,0.02,0.31,5.56,5.66,0.24,4.31,4.60,4.60,0.01,0.25
BM_AuResult_ErrorRate_25pct/1024/4,15.30,15.31,0.04,0.25,16.08,16.09,0.04,0.25,13.81,13.78,0.04,0.30,13.34,13.36,0.03,0.25
BM_AuResult_ErrorRate_25pct/1024/8,27.57,27.57,0.01,0.04,30.48,30.55,0.15,0.49,27.13,27.07,0.08,0.30,24.41,24.47,0.08,0.31
BM_AuResult_ErrorRate_25pct/16384/1,115.21,115.46,0.35,0.30,117.06,116.80,0.36,0.31,99.89,100.11,0.31,0.31,86.43,86.23,0.27,0.31
BM_AuResult_ErrorRate_25pct/16384/4,248.33,247.77,0.76,0.31,260.89,260.89,0.39,0.15,223.64,224.17,1.49,0.67,217.63,216.95,1.01,0.47
BM_AuResult_ErrorRate_25pct/16384/8,442.53,443.03,1.13,0.26,491.91,492.45,1.21,0.25,437.01,436.52,1.09,0.25,394.55,394.98,0.97,0.25
BM_AuResult_ErrorRate_50pct/1024/1,9.26,9.27,0.04,0.46,9.83,9.82,0.02,0.25,8.12,8.12,0.01,0.09,5.65,5.65,0.02,0.40
BM_AuResult_ErrorRate_50pct/1024/4,20.87,21.09,0.56,2.66,23.15,23.20,0.07,0.31,21.12,21.09,0.05,0.26,18.21,18.17,0.06,0.30
BM_AuResult_ErrorRate_50pct/1024/8,35.99,36.08,0.11,0.32,42.24,42.29,0.11,0.26,40.35,40.35,0.16,0.40,33.76,33.84,0.11,0.31
BM_AuResult_ErrorRate_50pct/16384/1,153.65,154.00,0.47,0.31,163.88,163.69,0.41,0.25,141.25,143.29,4.14,2.89,109.86,110.11,0.34,0.31
BM_AuResult_ErrorRate_50pct/16384/4,333.26,334.00,1.00,0.30,372.47,372.89,0.94,0.25,335.10,348.65,18.57,5.33,291.56,290.90,0.91,0.31
BM_AuResult_ErrorRate_50pct/16384/8,577.51,577.51,2.28,0.40,674.95,674.20,1.68,0.25,643.45,642.73,1.60,0.25,542.47,543.66,1.62,0.30
BM_AuResult_ErrorRate_5pct/1024/1,4.35,4.36,0.03,0.75,4.68,4.69,0.01,0.31,3.45,3.46,0.02,0.46,3.47,3.47,0.00,0.00
BM_AuResult_ErrorRate_5pct/1024/4,10.83,10.87,0.12,1.08,10.14,10.17,0.03,0.31,9.20,9.19,0.02,0.25,9.00,9.03,0.05,0.50
BM_AuResult_ErrorRate_5pct/1024/8,20.40,20.38,0.05,0.25,21.31,21.31,0.00,0.02,17.79,17.75,0.05,0.31,16.61,16.63,0.04,0.25
BM_AuResult_ErrorRate_5pct/16384/1,72.19,72.03,0.22,0.30,77.33,77.25,0.19,0.25,57.65,57.65,0.01,0.02,57.13,57.19,0.14,0.25
BM_AuResult_ErrorRate_5pct/16384/4,176.76,178.91,5.37,3.00,167.62,167.80,0.79,0.47,150.55,150.55,0.04,0.03,148.27,148.44,0.37,0.25
BM_AuResult_ErrorRate_5pct/16384/8,329.60,329.97,0.82,0.25,350.97,352.17,3.91,1.11,293.48,292.85,0.86,0.29,273.08,273.08,1.11,0.41
BM_AuResult_HappyPath/1024/1,3.84,3.83,0.01,0.31,4.19,4.19,0.02,0.40,2.95,2.95,0.01,0.25,3.09,3.08,0.01,0.25
BM_AuResult_HappyPath/1024/4,9.67,9.68,0.02,0.25,8.95,8.94,0.02,0.25,8.29,8.29,0.00,0.03,8.16,8.17,0.02,0.25
BM_AuResult_HappyPath/1024/8,18.73,18.75,0.09,0.47,19.51,19.55,0.06,0.31,16.08,16.09,0.04,0.25,15.05,15.04,0.04,0.25
BM_AuResult_HappyPath/16384/1,61.21,61.07,0.19,0.30,67.02,66.94,0.16,0.24,47.08,47.14,0.12,0.25,48.92,48.98,0.12,0.25
BM_AuResult_HappyPath/16384/4,146.71,146.87,0.69,0.47,142.79,142.63,0.36,0.25,132.57,132.28,0.40,0.30,130.37,130.23,0.61,0.47
BM_AuResult_HappyPath/16384/8,299.94,299.94,1.23,0.41,312.15,312.85,0.96,0.31,256.44,257.03,0.81,0.32,241.35,240.79,0.76,0.32
BM_Exception_ErrorRate_1pct/1024/1,16.01,16.03,0.10,0.61,15.92,15.88,0.05,0.31,14.43,14.42,0.04,0.25,13.66,13.69,0.04,0.31
BM_Exception_ErrorRate_1pct/1024/4,15.92,15.97,0.08,0.50,17.17,17.15,0.04,0.25,14.44,14.46,0.07,0.46,15.61,15.62,0.04,0.25
BM_Exception_ErrorRate_1pct/1024/8,16.01,15.97,0.05,0.30,18.62,18.65,0.05,0.25,14.43,14.43,0.01,0.04,15.68,15.69,0.04,0.25
BM_Exception_ErrorRate_1pct/16384/1,392.37,394.11,3.90,0.99,390.19,390.63,0.97,0.25,352.98,352.59,0.86,0.24,333.79,334.18,0.86,0.26
BM_Exception_ErrorRate_1pct/16384/4,392.37,392.37,0.96,0.24,412.62,411.71,1.24,0.30,352.97,352.97,1.42,0.40,365.00,364.60,1.68,0.46
BM_Exception_ErrorRate_1pct/16384/8,392.37,392.80,0.97,0.25,434.57,435.06,1.09,0.25,352.98,353.74,2.91,0.82,367.01,366.21,1.10,0.30
BM_Exception_ErrorRate_25pct/1024/1,574.28,574.28,2.28,0.40,574.40,574.40,0.80,0.14,512.20,511.63,1.29,0.25,483.80,482.72,1.48,0.31
BM_Exception_ErrorRate_25pct/1024/4,573.18,572.52,2.77,0.48,577.54,576.29,1.72,0.30,512.20,513.35,5.97,1.16,483.80,484.89,1.48,0.31
BM_Exception_ErrorRate_25pct/1024/8,574.28,575.57,1.77,0.31,577.51,578.80,1.77,0.31,509.32,519.11,20.31,3.91,485.49,486.05,2.33,0.48
BM_Exception_ErrorRate_25pct/16384/1,9406.89,9417.52,44.47,0.47,9458.61,9437.71,28.62,0.30,8377.26,8377.26,33.28,0.40,7943.44,7934.71,19.52,0.25
BM_Exception_ErrorRate_25pct/16384/4,9406.89,9502.55,217.19,2.29,9460.03,9460.03,37.58,0.40,8367.23,8376.48,20.67,0.25,7971.01,7952.90,24.81,0.31
BM_Exception_ErrorRate_25pct/16384/8,9458.61,9427.26,46.74,0.50,9458.61,9479.52,28.62,0.30,8377.26,8527.86,311.12,3.65,7987.08,7987.08,30.86,0.39
BM_Exception_ErrorRate_50pct/1024/1,1179.50,1179.50,4.69,0.40,1177.27,1178.58,2.92,0.25,1045.56,1045.56,1.42,0.14,987.72,991.07,4.99,0.50
BM_Exception_ErrorRate_50pct/1024/4,1172.87,1174.19,2.96,0.25,1177.27,1179.89,3.58,0.30,1045.56,1044.39,2.61,0.25,993.30,991.07,3.06,0.31
BM_Exception_ErrorRate_50pct/1024/8,1179.50,1184.80,11.85,1.00,1179.50,1180.82,2.96,0.25,1045.56,1058.41,28.73,2.71,993.30,992.19,2.50,0.25
BM_Exception_ErrorRate_50pct/16384/1,18770.97,18729.03,57.44,0.31,18666.11,18687.08,87.74,0.47,16642.01,16697.49,180.23,1.08,15713.28,15730.93,39.48,0.25
BM_Exception_ErrorRate_50pct/16384/4,18770.97,18770.97,74.15,0.40,18770.97,18750.00,87.74,0.47,16549.56,16586.54,50.64,0.31,15801.55,15766.24,48.35,0.31
BM_Exception_ErrorRate_50pct/16384/8,18770.97,18770.97,29.55,0.16,18770.97,18750.00,46.90,0.25,16642.01,16623.52,41.35,0.25,15713.78,15749.29,48.63,0.31
BM_Exception_ErrorRate_5pct/1024/1,95.74,95.95,0.29,0.30,95.69,95.58,0.24,0.25,85.69,85.51,0.26,0.30,80.49,80.67,0.24,0.30
BM_Exception_ErrorRate_5pct/1024/4,95.74,96.38,1.43,1.48,97.23,97.12,0.25,0.25,85.36,85.46,0.21,0.25,82.26,82.35,0.21,0.25
BM_Exception_ErrorRate_5pct/1024/8,95.74,95.84,0.24,0.25,98.39,98.61,0.30,0.30,85.36,85.27,0.21,0.25,82.97,82.88,0.38,0.46
BM_Exception_ErrorRate_5pct/16384/1,1961.63,1959.36,5.07,0.26,1961.63,1959.36,9.49,0.48,1742.57,1744.50,8.10,0.46,1653.98,1652.13,4.13,0.25
BM_Exception_ErrorRate_5pct/16384/4,1961.30,1959.12,4.87,0.25,1977.85,1980.05,9.19,0.46,1742.57,1746.44,5.30,0.30,1676.46,1678.35,7.88,0.47
BM_Exception_ErrorRate_5pct/16384/8,1961.30,1963.48,4.87,0.25,2006.98,2002.45,6.21,0.31,1738.28,1742.19,5.35,0.31,1682.25,1684.15,4.25,0.25
BM_Exception_HappyPath/1024/1,2.22,2.22,0.01,0.30,2.22,2.22,0.01,0.25,2.21,2.22,0.01,0.32,2.20,2.19,0.01,0.33
BM_Exception_HappyPath/1024/4,2.22,2.22,0.01,0.30,3.45,3.45,0.01,0.25,2.22,2.22,0.01,0.25,4.19,4.19,0.01,0.25
BM_Exception_HappyPath/1024/8,2.22,2.22,0.01,0.30,4.92,4.91,0.01,0.30,2.22,2.22,0.01,0.46,4.19,4.23,0.07,1.70
BM_Exception_HappyPath/16384/1,35.50,35.42,0.11,0.31,35.50,35.46,0.17,0.47,35.30,35.30,0.01,0.02,34.89,35.02,0.18,0.51
BM_Exception_HappyPath/16384/4,35.30,35.34,0.09,0.25,55.24,55.24,0.22,0.39,35.30,35.34,0.09,0.25,66.74,66.66,0.17,0.25
BM_Exception_HappyPath/16384/8,35.50,35.70,0.51,1.43,78.27,78.44,0.24,0.31,35.30,35.30,0.01,0.04,66.74,66.96,0.50,0.75
BM_HighCollision_AdvAuxid_Lookup_u64/32768,1.55,1.55,0.01,0.85,1.19,1.19,0.00,0.25,1.06,1.07,0.03,2.43,1.34,1.34,0.01,0.50
BM_HighCollision_AdvAuxid_Lookup_u64/4096,1.06,1.06,0.01,0.65,0.80,0.80,0.01,1.46,0.71,0.71,0.01,1.27,0.93,0.93,0.02,1.97
BM_HighCollision_AdvAuxid_Lookup_u64/512,1.04,1.04,0.01,0.70,0.78,0.78,0.01,0.83,0.64,0.64,0.02,2.76,0.88,0.88,0.01,0.82
BM_HighCollision_AdvAuxid_Lookup_u64/65536,1.64,1.64,0.00,0.25,1.26,1.26,0.01,0.47,1.12,1.13,0.02,1.92,1.42,1.42,0.00,0.31
BM_HighCollision_AdvStdHashIdentity_Lookup_u64/32768,1.12,1.12,0.00,0.25,1.32,1.32,0.00,0.31,0.82,0.82,0.00,0.25,1.26,1.27,0.00,0.25
BM_HighCollision_AdvStdHashIdentity_Lookup_u64/4096,1.52,1.52,0.01,0.46,1.68,1.69,0.02,1.05,1.26,1.27,0.01,0.73,0.88,0.88,0.01,0.62
BM_HighCollision_AdvStdHashIdentity_Lookup_u64/512,0.67,0.67,0.00,0.25,0.84,0.84,0.00,0.05,0.45,0.45,0.00,1.02,0.85,0.85,0.00,0.25
BM_HighCollision_AdvStdHashIdentity_Lookup_u64/65536,1.13,1.13,0.02,1.39,1.33,1.33,0.00,0.30,0.82,0.82,0.00,0.30,1.28,1.28,0.01,0.47
BM_StdUnorderedMap_Insert_String_StdSameAlloc/32768,1288.21,1291.11,3.96,0.31,1420.45,1493.46,172.17,11.53,1231.23,1242.11,36.19,2.91,3156.39,3156.39,17.44,0.55
BM_StdUnorderedMap_Insert_String_StdSameAlloc/4096,145.15,144.99,0.68,0.47,159.86,159.50,1.02,0.64,134.27,134.57,0.42,0.31,299.84,299.51,1.39,0.46
BM_StdUnorderedMap_Insert_String_StdSameAlloc/512,13.65,13.64,0.03,0.25,15.38,15.42,0.08,0.50,11.64,11.67,0.04,0.31,30.81,30.75,0.09,0.30
BM_StdUnorderedMap_Insert_String_StdSameAlloc/65536,3770.05,3761.33,33.05,0.88,4054.93,4163.06,293.03,7.04,4003.91,3989.26,372.50,9.34,6870.29,6878.14,17.56,0.26
BM_StdUnorderedMap_Insert_String_StdSameAlloc_NoReserve/32768,3449.94,3518.13,175.20,4.98,3573.92,3648.01,178.11,4.88,3393.40,3385.74,10.50,0.31,4150.04,4154.57,18.97,0.46
BM_StdUnorderedMap_Insert_String_StdSameAlloc_NoReserve/4096,252.51,253.35,3.50,1.38,263.85,263.85,1.05,0.40,241.95,242.22,0.58,0.24,388.01,388.45,0.97,0.25
BM_StdUnorderedMap_Insert_String_StdSameAlloc_NoReserve/512,18.57,18.55,0.05,0.25,19.38,19.29,0.19,0.97,14.91,14.96,0.07,0.50,44.00,44.20,0.28,0.63
BM_StdUnorderedMap_Insert_String_StdSameAlloc_NoReserve/65536,7550.63,7707.75,336.10,4.36,7812.50,7873.60,140.07,1.78,7472.83,7644.93,314.43,4.11,9839.97,9839.97,66.22,0.67
BM_StdUnorderedMap_Insert_String_StdSameHashAlloc/32768,1296.64,1367.54,169.02,12.36,1412.61,1444.00,65.89,4.56,1226.30,1299.33,167.17,12.87,3150.64,3154.31,8.19,0.26
BM_StdUnorderedMap_Insert_String_StdSameHashAlloc/4096,145.96,146.45,1.68,1.15,160.08,159.73,0.49,0.30,135.03,134.72,0.42,0.31,299.94,299.25,0.96,0.32
BM_StdUnorderedMap_Insert_String_StdSameHashAlloc/512,13.65,13.62,0.04,0.30,15.38,15.38,0.01,0.05,11.68,11.67,0.03,0.25,30.65,30.71,0.09,0.30
BM_StdUnorderedMap_Insert_String_StdSameHashAlloc/65536,3767.19,3888.55,303.08,7.79,4045.31,4090.82,145.68,3.56,3651.12,3691.94,144.68,3.92,6871.93,6879.61,17.17,0.25
BM_StdUnorderedMap_Insert_String_StdSameHashAlloc_NoReserve/32768,3450.92,3447.09,8.57,0.25,3570.28,3570.28,3.90,0.11,3388.55,3463.86,192.05,5.54,4165.10,4155.69,12.89,0.31
BM_StdUnorderedMap_Insert_String_StdSameHashAlloc_NoReserve/4096,250.51,251.40,1.33,0.53,265.07,263.95,1.53,0.58,241.35,241.91,0.76,0.32,389.94,389.49,1.01,0.26
BM_StdUnorderedMap_Insert_String_StdSameHashAlloc_NoReserve/512,18.47,18.51,0.06,0.31,19.25,19.27,0.09,0.47,14.98,15.00,0.07,0.47,43.95,44.09,0.22,0.50
BM_StdUnorderedMap_Insert_String_StdSameHashAlloc_NoReserve/65536,7550.63,7655.38,228.04,2.98,8189.01,8236.07,297.65,3.61,7456.43,7615.62,405.49,5.32,9848.15,9848.15,0.00,0.00
BM_StdUnorderedMap_Insert_String_StdStock/32768,1311.59,1467.46,213.43,14.54,1438.07,1513.54,174.52,11.53,1251.45,1398.36,205.34,14.68,3723.23,3731.59,11.46,0.31
BM_StdUnorderedMap_Insert_String_StdStock/4096,146.71,146.87,0.69,0.47,163.88,163.69,0.41,0.25,138.88,138.73,0.34,0.25,432.13,433.59,2.18,0.50
BM_StdUnorderedMap_Insert_String_StdStock/512,14.12,14.11,0.07,0.47,16.17,16.17,0.09,0.56,12.64,12.67,0.04,0.31,52.37,52.48,0.33,0.63
BM_StdUnorderedMap_Insert_String_StdStock/65536,3850.45,4001.12,273.10,6.83,4501.68,4438.86,344.05,7.75,4070.97,4099.21,420.75,10.26,7681.56,7725.21,61.72,0.80
BM_StdUnorderedMap_Insert_String_StdStock_NoReserve/32768,2476.28,2615.79,331.56,12.68,2609.11,2902.63,401.96,13.85,2400.23,2557.10,215.10,8.41,4789.57,4805.28,39.69,0.83
BM_StdUnorderedMap_Insert_String_StdStock_NoReserve/4096,254.96,254.96,0.27,0.11,266.82,266.22,0.81,0.30,244.14,244.42,1.53,0.63,540.16,538.33,2.73,0.51
BM_StdUnorderedMap_Insert_String_StdStock_NoReserve/512,18.89,18.84,0.12,0.64,20.18,20.15,0.12,0.62,17.01,17.11,0.38,2.22,68.24,68.01,0.57,0.84
BM_StdUnorderedMap_Insert_String_StdStock_NoReserve/65536,7066.58,7223.62,425.56,5.89,7044.06,7402.66,558.75,7.55,6659.84,6798.89,308.77,4.54,10020.38,10020.38,40.03,0.40
BM_StdUnorderedMap_Insert_i32_StdSameAlloc/32768,702.03,700.50,3.43,0.49,827.23,825.38,2.53,0.31,675.18,669.04,13.72,2.05,1623.26,1619.63,4.97,0.31
BM_StdUnorderedMap_Insert_i32_StdSameAlloc/4096,61.04,61.45,0.62,1.02,78.04,78.21,0.50,0.64,58.07,60.07,4.68,7.79,162.55,162.20,0.49,0.30
BM_StdUnorderedMap_Insert_i32_StdSameAlloc/512,6.59,6.59,0.04,0.68,8.95,8.93,0.06,0.65,6.28,6.27,0.04,0.61,18.83,18.79,0.06,0.30
BM_StdUnorderedMap_Insert_i32_StdSameAlloc/65536,1435.77,1440.58,16.63,1.15,1691.76,1689.86,7.95,0.47,1396.91,1400.05,13.13,0.94,3813.63,3804.92,11.94,0.31
BM_StdUnorderedMap_Insert_i32_StdSameAlloc_NoReserve/32768,2327.41,2330.02,5.85,0.25,2525.11,2527.90,11.67,0.46,2270.51,2265.63,6.69,0.30,2160.64,2160.64,8.63,0.40
BM_StdUnorderedMap_Insert_i32_StdSameAlloc_NoReserve/4096,117.06,116.80,0.58,0.50,138.11,138.11,0.54,0.39,107.69,107.81,1.08,1.00,204.03,203.80,0.51,0.25
BM_StdUnorderedMap_Insert_i32_StdSameAlloc_NoReserve/512,8.95,8.97,0.03,0.31,12.71,12.67,0.06,0.50,8.11,8.38,0.45,5.41,26.79,26.87,0.12,0.46
BM_StdUnorderedMap_Insert_i32_StdSameAlloc_NoReserve/65536,3976.84,4038.03,150.31,3.72,4318.47,4402.22,173.02,3.93,3857.22,3922.59,147.00,3.75,5875.52,5862.60,17.68,0.30
BM_StdUnorderedMap_Insert_i32_StdSameHashAlloc/32768,671.20,670.45,1.68,0.25,749.90,748.26,2.24,0.30,650.59,649.16,1.96,0.30,1732.88,1729.01,5.30,0.31
BM_StdUnorderedMap_Insert_i32_StdSameHashAlloc/4096,59.97,59.97,0.41,0.68,69.06,68.90,0.34,0.50,57.43,58.33,2.45,4.20,174.80,174.61,0.44,0.25
BM_StdUnorderedMap_Insert_i32_StdSameHashAlloc/512,6.28,6.30,0.03,0.50,7.53,7.52,0.02,0.30,6.12,6.09,0.04,0.61,20.06,20.04,0.05,0.25
BM_StdUnorderedMap_Insert_i32_StdSameHashAlloc/65536,1387.62,1452.25,144.51,9.95,1538.43,1611.69,158.03,9.80,1334.20,1329.76,11.24,0.85,4031.56,4027.20,9.75,0.24
BM_StdUnorderedMap_Insert_i32_StdSameHashAlloc_NoReserve/32768,2314.33,2306.49,11.69,0.51,2366.63,2369.25,5.85,0.25,2233.89,2229.00,6.69,0.30,2307.13,2302.25,6.69,0.29
BM_StdUnorderedMap_Insert_i32_StdSameHashAlloc_NoReserve/4096,113.63,113.76,0.82,0.72,118.83,118.83,1.26,1.06,103.72,107.23,5.87,5.47,223.64,224.43,1.17,0.52
BM_StdUnorderedMap_Insert_i32_StdSameHashAlloc_NoReserve/512,8.95,8.94,0.04,0.47,9.83,9.81,0.05,0.50,8.25,8.40,0.30,3.57,29.82,29.99,0.39,1.30
BM_StdUnorderedMap_Insert_i32_StdSameHashAlloc_NoReserve/65536,3900.80,3896.44,18.23,0.47,4059.33,4063.86,18.97,0.47,3764.51,3832.55,166.65,4.35,6138.39,6124.44,19.10,0.31
BM_StdUnorderedMap_Insert_i32_StdStock/32768,733.51,733.51,2.12,0.29,878.91,875.98,4.37,0.50,718.08,716.51,5.95,0.83,2539.06,2555.80,41.15,1.61
BM_StdUnorderedMap_Insert_i32_StdStock/4096,65.92,66.06,0.42,0.63,83.18,83.28,0.39,0.46,64.35,64.28,0.53,0.82,275.71,275.71,1.82,0.66
BM_StdUnorderedMap_Insert_i32_StdStock/512,7.21,7.22,0.03,0.47,9.78,9.79,0.05,0.47,7.02,7.04,0.02,0.31,33.19,33.42,0.51,1.54
BM_StdUnorderedMap_Insert_i32_StdStock/65536,1489.26,1630.86,309.85,19.00,1806.64,1870.12,162.72,8.70,1475.60,1518.23,100.13,6.60,5452.28,5569.38,475.28,8.53
BM_StdUnorderedMap_Insert_i32_StdStock_NoReserve/32768,1451.41,1451.41,5.73,0.40,1605.12,1799.19,439.03,24.40,1389.06,1390.59,3.43,0.25,3104.07,3121.51,49.32,1.58
BM_StdUnorderedMap_Insert_i32_StdStock_NoReserve/4096,122.61,122.47,0.58,0.47,146.71,146.55,0.37,0.25,113.63,113.50,0.53,0.46,322.61,321.22,2.87,0.89
BM_StdUnorderedMap_Insert_i32_StdStock_NoReserve/512,9.83,9.83,0.07,0.68,14.20,14.22,0.07,0.47,9.05,9.07,0.06,0.65,41.20,41.34,0.21,0.51
BM_StdUnorderedMap_Insert_i32_StdStock_NoReserve/65536,4576.25,4485.23,218.67,4.88,5022.32,4787.95,320.93,6.70,4449.84,4373.99,231.03,5.28,6557.25,6579.74,33.51,0.51
BM_StdUnorderedMap_Iterate_i32_StdSameAlloc/32768,189.39,189.39,1.96,1.03,189.34,189.77,0.58,0.31,189.29,189.52,0.95,0.50,108.29,108.41,0.50,0.46
BM_StdUnorderedMap_Iterate_i32_StdSameAlloc/4096,15.71,15.78,0.18,1.12,15.96,15.96,0.22,1.39,15.80,15.83,0.26,1.66,7.60,8.49,1.95,22.93
BM_StdUnorderedMap_Iterate_i32_StdSameAlloc/512,0.91,0.86,0.09,9.93,0.91,0.96,0.13,13.79,0.88,0.88,0.10,10.88,0.50,0.50,0.00,0.40
BM_StdUnorderedMap_Iterate_i32_StdSameAlloc/65536,383.65,363.16,53.43,14.71,376.67,358.54,55.25,15.41,390.19,390.19,0.42,0.11,262.37,261.78,0.81,0.31
BM_StdUnorderedMap_Iterate_i32_StdSameHashAlloc/32768,189.34,189.13,0.89,0.47,188.34,188.55,0.47,0.25,188.29,187.67,0.92,0.49,108.29,108.53,0.33,0.30
BM_StdUnorderedMap_Iterate_i32_StdSameHashAlloc/4096,15.85,15.85,0.09,0.56,15.68,15.82,0.27,1.70,15.62,15.68,0.12,0.74,7.73,7.82,0.17,2.15
BM_StdUnorderedMap_Iterate_i32_StdSameHashAlloc/512,0.85,0.88,0.12,13.13,0.84,0.80,0.16,20.34,0.91,0.91,0.03,3.20,0.50,0.52,0.07,12.65
BM_StdUnorderedMap_Iterate_i32_StdSameHashAlloc/65536,392.37,391.93,0.97,0.25,340.05,352.96,37.31,10.57,389.21,371.32,42.66,11.49,259.40,259.40,1.05,0.40
BM_StdUnorderedMap_Iterate_i32_StdStock/32768,189.91,189.69,0.88,0.47,189.34,189.56,0.89,0.47,189.29,192.01,6.73,3.51,180.49,180.28,0.84,0.47
BM_StdUnorderedMap_Iterate_i32_StdStock/4096,15.76,15.87,0.46,2.87,15.68,15.75,0.20,1.28,15.76,15.68,0.12,0.79,13.65,13.86,0.41,2.99
BM_StdUnorderedMap_Iterate_i32_StdStock/512,0.83,0.86,0.05,6.16,0.92,0.94,0.11,12.12,0.85,0.81,0.10,12.19,0.50,0.50,0.00,0.31
BM_StdUnorderedMap_Iterate_i32_StdStock/65536,388.01,386.27,4.73,1.22,390.03,375.01,33.60,8.96,372.06,353.68,48.32,13.66,388.01,387.14,3.65,0.94
BM_StdUnorderedMap_Lookup_String_StdSameAlloc_Hit0/32768,2.25,2.25,0.01,0.45,2.23,2.24,0.01,0.30,1.86,1.86,0.00,0.25,4.52,4.51,0.01,0.30
BM_StdUnorderedMap_Lookup_String_StdSameAlloc_Hit0/4096,1.89,1.89,0.01,0.31,1.93,1.93,0.00,0.21,1.60,1.60,0.01,0.50,3.81,3.82,0.02,0.48
BM_StdUnorderedMap_Lookup_String_StdSameAlloc_Hit0/512,1.63,1.63,0.01,0.31,1.63,1.63,0.00,0.25,1.35,1.36,0.03,2.38,3.08,3.07,0.03,0.82
BM_StdUnorderedMap_Lookup_String_StdSameAlloc_Hit0/65536,2.29,2.29,0.01,0.48,2.28,2.28,0.01,0.38,1.89,1.89,0.01,0.40,4.53,4.54,0.01,0.31
BM_StdUnorderedMap_Lookup_String_StdSameAlloc_Hit100/32768,2.98,2.99,0.01,0.30,3.19,3.19,0.01,0.31,2.81,2.81,0.01,0.25,5.05,5.05,0.00,0.00
BM_StdUnorderedMap_Lookup_String_StdSameAlloc_Hit100/4096,2.88,2.88,0.01,0.41,3.08,3.07,0.01,0.30,2.73,2.73,0.01,0.30,3.67,3.67,0.02,0.67
BM_StdUnorderedMap_Lookup_String_StdSameAlloc_Hit100/512,2.30,2.30,0.00,0.03,2.53,2.53,0.00,0.07,2.15,2.15,0.01,0.25,3.10,3.10,0.01,0.25
BM_StdUnorderedMap_Lookup_String_StdSameAlloc_Hit100/65536,2.86,2.86,0.01,0.30,3.07,3.07,0.01,0.25,2.70,2.70,0.01,0.55,5.34,5.34,0.00,0.00
BM_StdUnorderedMap_Lookup_String_StdSameAlloc_Hit50/32768,2.68,2.71,0.06,2.19,2.75,2.75,0.01,0.31,2.35,2.35,0.01,0.25,4.99,4.98,0.02,0.31
BM_StdUnorderedMap_Lookup_String_StdSameAlloc_Hit50/4096,2.68,2.69,0.01,0.25,2.78,2.80,0.06,2.15,2.35,2.35,0.01,0.39,3.99,4.01,0.04,0.93
BM_StdUnorderedMap_Lookup_String_StdSameAlloc_Hit50/512,2.16,2.16,0.00,0.05,2.27,2.28,0.01,0.29,1.87,1.87,0.01,0.30,3.26,3.25,0.01,0.32
BM_StdUnorderedMap_Lookup_String_StdSameAlloc_Hit50/65536,2.68,2.69,0.01,0.30,2.75,2.75,0.01,0.31,2.37,2.37,0.00,0.13,5.04,5.05,0.02,0.31
BM_StdUnorderedMap_Lookup_String_StdSameHashAlloc_Hit0/32768,2.24,2.24,0.01,0.32,2.25,2.24,0.01,0.24,1.86,1.86,0.00,0.10,4.50,4.51,0.01,0.31
BM_StdUnorderedMap_Lookup_String_StdSameHashAlloc_Hit0/4096,1.89,1.89,0.01,0.33,1.92,1.92,0.01,0.31,1.60,1.60,0.00,0.31,3.81,3.82,0.02,0.65
BM_StdUnorderedMap_Lookup_String_StdSameHashAlloc_Hit0/512,1.64,1.64,0.00,0.25,1.64,1.64,0.01,0.50,1.35,1.35,0.00,0.09,3.09,3.08,0.02,0.51
BM_StdUnorderedMap_Lookup_String_StdSameHashAlloc_Hit0/65536,2.29,2.29,0.01,0.27,2.27,2.28,0.01,0.29,1.89,1.90,0.00,0.25,4.53,4.54,0.01,0.31
BM_StdUnorderedMap_Lookup_String_StdSameHashAlloc_Hit100/32768,2.98,2.98,0.00,0.06,3.19,3.19,0.01,0.39,2.81,2.81,0.00,0.02,5.05,5.04,0.01,0.25
BM_StdUnorderedMap_Lookup_String_StdSameHashAlloc_Hit100/4096,2.89,2.88,0.01,0.30,3.07,3.07,0.01,0.40,2.73,2.75,0.04,1.41,3.68,3.68,0.01,0.25
BM_StdUnorderedMap_Lookup_String_StdSameHashAlloc_Hit100/512,2.30,2.30,0.01,0.25,2.53,2.52,0.01,0.46,2.15,2.15,0.01,0.31,3.12,3.11,0.02,0.50
BM_StdUnorderedMap_Lookup_String_StdSameHashAlloc_Hit100/65536,2.87,2.87,0.01,0.24,3.08,3.07,0.01,0.30,2.70,2.70,0.01,0.25,5.31,5.32,0.02,0.31
BM_StdUnorderedMap_Lookup_String_StdSameHashAlloc_Hit50/32768,2.68,2.68,0.01,0.25,2.75,2.75,0.01,0.31,2.36,2.36,0.01,0.26,4.97,4.97,0.02,0.47
BM_StdUnorderedMap_Lookup_String_StdSameHashAlloc_Hit50/4096,2.70,2.70,0.01,0.26,2.76,2.76,0.01,0.25,2.35,2.35,0.01,0.25,4.01,4.01,0.00,0.00
BM_StdUnorderedMap_Lookup_String_StdSameHashAlloc_Hit50/512,2.17,2.16,0.01,0.23,2.26,2.27,0.01,0.26,1.86,1.87,0.01,0.50,3.26,3.26,0.02,0.69
BM_StdUnorderedMap_Lookup_String_StdSameHashAlloc_Hit50/65536,2.68,2.68,0.01,0.25,2.76,2.75,0.01,0.24,2.37,2.37,0.02,1.03,5.06,5.08,0.02,0.31
BM_StdUnorderedMap_Lookup_String_StdStock_Hit0/32768,2.25,2.25,0.01,0.41,2.23,2.24,0.01,0.24,1.86,1.86,0.00,0.11,4.66,4.67,0.01,0.31
BM_StdUnorderedMap_Lookup_String_StdStock_Hit0/4096,1.89,1.91,0.05,2.79,1.91,1.92,0.00,0.25,1.60,1.60,0.01,0.46,3.97,3.98,0.01,0.30
BM_StdUnorderedMap_Lookup_String_StdStock_Hit0/512,1.64,1.64,0.02,1.15,1.63,1.63,0.00,0.03,1.35,1.35,0.00,0.31,3.11,3.11,0.01,0.29
BM_StdUnorderedMap_Lookup_String_StdStock_Hit0/65536,2.29,2.29,0.01,0.40,2.28,2.28,0.01,0.41,1.90,1.90,0.00,0.25,4.76,4.75,0.03,0.65
BM_StdUnorderedMap_Lookup_String_StdStock_Hit100/32768,2.98,2.99,0.01,0.46,3.19,3.19,0.01,0.31,2.84,2.89,0.12,4.26,5.18,5.17,0.02,0.30
BM_StdUnorderedMap_Lookup_String_StdStock_Hit100/4096,2.89,2.89,0.02,0.71,3.09,3.09,0.04,1.29,2.73,2.74,0.01,0.31,3.84,3.83,0.01,0.25
BM_StdUnorderedMap_Lookup_String_StdStock_Hit100/512,2.30,2.30,0.01,0.25,2.53,2.52,0.01,0.30,2.15,2.15,0.01,0.51,3.10,3.11,0.01,0.47
BM_StdUnorderedMap_Lookup_String_StdStock_Hit100/65536,2.88,2.88,0.01,0.32,3.07,3.07,0.01,0.25,2.71,2.71,0.01,0.30,5.46,5.47,0.03,0.47
BM_StdUnorderedMap_Lookup_String_StdStock_Hit50/32768,2.68,2.68,0.01,0.55,2.76,2.75,0.01,0.30,2.35,2.36,0.01,0.25,5.09,5.10,0.01,0.25
BM_StdUnorderedMap_Lookup_String_StdStock_Hit50/4096,2.68,2.69,0.01,0.25,2.76,2.76,0.02,0.57,2.35,2.35,0.01,0.30,4.15,4.14,0.02,0.49
BM_StdUnorderedMap_Lookup_String_StdStock_Hit50/512,2.16,2.18,0.03,1.22,2.26,2.27,0.01,0.26,1.86,1.86,0.01,0.47,3.26,3.25,0.02,0.64
BM_StdUnorderedMap_Lookup_String_StdStock_Hit50/65536,2.68,2.68,0.01,0.30,2.76,2.76,0.01,0.25,2.37,2.36,0.01,0.25,5.24,5.23,0.01,0.25
BM_StdUnorderedMap_Lookup_i32_StdSameAlloc_Hit0/32768,1.30,1.29,0.00,0.25,1.49,1.49,0.00,0.30,0.99,0.99,0.00,0.25,2.50,2.50,0.01,0.25
BM_StdUnorderedMap_Lookup_i32_StdSameAlloc_Hit0/4096,1.08,1.07,0.00,0.31,1.23,1.24,0.00,0.31,0.82,0.82,0.00,0.56,1.96,1.97,0.01,0.74
BM_StdUnorderedMap_Lookup_i32_StdSameAlloc_Hit0/512,1.00,1.01,0.01,0.85,1.17,1.17,0.00,0.31,0.78,0.79,0.02,2.55,1.77,1.78,0.01,0.50
BM_StdUnorderedMap_Lookup_i32_StdSameAlloc_Hit0/65536,1.30,1.30,0.01,0.50,1.50,1.50,0.01,0.49,0.99,0.99,0.00,0.39,2.51,2.51,0.01,0.47
BM_StdUnorderedMap_Lookup_i32_StdSameAlloc_Hit100/32768,1.07,1.07,0.00,0.46,1.30,1.29,0.00,0.25,0.75,0.75,0.00,0.24,2.38,2.38,0.01,0.25
BM_StdUnorderedMap_Lookup_i32_StdSameAlloc_Hit100/4096,0.94,0.94,0.01,0.85,1.11,1.11,0.01,0.47,0.66,0.66,0.01,1.29,1.51,1.51,0.01,0.64
BM_StdUnorderedMap_Lookup_i32_StdSameAlloc_Hit100/512,0.85,0.85,0.00,0.25,1.00,1.00,0.00,0.20,0.55,0.55,0.00,0.30,1.37,1.38,0.00,0.30
BM_StdUnorderedMap_Lookup_i32_StdSameAlloc_Hit100/65536,0.97,0.97,0.00,0.31,1.20,1.20,0.00,0.25,0.67,0.67,0.00,0.30,2.61,2.61,0.01,0.25
BM_StdUnorderedMap_Lookup_i32_StdSameAlloc_Hit50/32768,1.26,1.26,0.01,0.47,1.45,1.45,0.01,0.50,0.91,0.91,0.00,0.25,2.61,2.61,0.01,0.38
BM_StdUnorderedMap_Lookup_i32_StdSameAlloc_Hit50/4096,1.20,1.20,0.01,0.90,1.37,1.37,0.01,0.68,0.89,0.89,0.01,0.83,1.88,1.89,0.02,1.25
BM_StdUnorderedMap_Lookup_i32_StdSameAlloc_Hit50/512,1.09,1.09,0.01,0.46,1.27,1.29,0.03,2.65,0.80,0.79,0.00,0.31,1.71,1.71,0.00,0.25
BM_StdUnorderedMap_Lookup_i32_StdSameAlloc_Hit50/65536,1.26,1.25,0.00,0.30,1.44,1.43,0.00,0.30,0.88,0.89,0.00,0.25,2.73,2.72,0.01,0.52
BM_StdUnorderedMap_Lookup_i32_StdSameHashAlloc_Hit0/32768,1.31,1.31,0.00,0.30,1.28,1.28,0.01,0.68,0.95,0.95,0.00,0.31,2.67,2.66,0.01,0.30
BM_StdUnorderedMap_Lookup_i32_StdSameHashAlloc_Hit0/4096,1.06,1.06,0.00,0.31,1.06,1.06,0.01,0.74,0.78,0.78,0.00,0.31,2.12,2.13,0.01,0.51
BM_StdUnorderedMap_Lookup_i32_StdSameHashAlloc_Hit0/512,0.94,0.94,0.00,0.30,0.93,0.93,0.00,0.31,0.65,0.65,0.00,0.45,1.90,1.90,0.00,0.00
BM_StdUnorderedMap_Lookup_i32_StdSameHashAlloc_Hit0/65536,1.31,1.31,0.01,0.46,1.29,1.29,0.00,0.05,0.96,0.96,0.01,0.55,2.70,2.70,0.00,0.00
BM_StdUnorderedMap_Lookup_i32_StdSameHashAlloc_Hit100/32768,1.11,1.11,0.00,0.31,1.08,1.08,0.01,0.46,0.74,0.74,0.00,0.25,2.59,2.59,0.01,0.24
BM_StdUnorderedMap_Lookup_i32_StdSameHashAlloc_Hit100/4096,0.96,0.96,0.00,0.31,0.95,0.96,0.01,1.11,0.66,0.66,0.01,1.16,1.62,1.62,0.00,0.31
BM_StdUnorderedMap_Lookup_i32_StdSameHashAlloc_Hit100/512,0.83,0.83,0.00,0.25,0.85,0.85,0.00,0.39,0.56,0.56,0.00,0.31,1.43,1.43,0.01,0.46
BM_StdUnorderedMap_Lookup_i32_StdSameHashAlloc_Hit100/65536,1.04,1.05,0.01,0.49,0.99,1.00,0.01,1.20,0.66,0.66,0.00,0.31,2.79,2.80,0.01,0.31
BM_StdUnorderedMap_Lookup_i32_StdSameHashAlloc_Hit50/32768,1.30,1.30,0.01,0.47,1.24,1.24,0.00,0.25,0.94,0.94,0.00,0.47,2.87,2.87,0.01,0.30
BM_StdUnorderedMap_Lookup_i32_StdSameHashAlloc_Hit50/4096,1.23,1.23,0.01,0.69,1.19,1.19,0.01,0.46,0.92,0.92,0.01,0.84,2.04,2.04,0.01,0.42
BM_StdUnorderedMap_Lookup_i32_StdSameHashAlloc_Hit50/512,1.07,1.07,0.00,0.46,1.05,1.05,0.00,0.30,0.78,0.78,0.00,0.25,1.83,1.83,0.00,0.25
BM_StdUnorderedMap_Lookup_i32_StdSameHashAlloc_Hit50/65536,1.28,1.28,0.00,0.31,1.22,1.22,0.00,0.25,0.92,0.92,0.00,0.25,2.93,2.93,0.01,0.38
BM_StdUnorderedMap_Lookup_i32_StdStock_Hit0/32768,1.30,1.29,0.00,0.25,1.49,1.49,0.01,0.40,0.96,0.96,0.00,0.31,2.64,2.64,0.01,0.40
BM_StdUnorderedMap_Lookup_i32_StdStock_Hit0/4096,1.07,1.08,0.02,1.55,1.23,1.23,0.00,0.27,0.80,0.80,0.00,0.50,2.00,1.99,0.02,0.89
BM_StdUnorderedMap_Lookup_i32_StdStock_Hit0/512,1.00,1.01,0.01,0.64,1.16,1.17,0.00,0.31,0.74,0.74,0.00,0.31,1.78,1.79,0.01,0.31
BM_StdUnorderedMap_Lookup_i32_StdStock_Hit0/65536,1.30,1.30,0.01,0.50,1.50,1.50,0.01,0.47,0.97,0.97,0.00,0.30,2.64,2.63,0.01,0.29
BM_StdUnorderedMap_Lookup_i32_StdStock_Hit100/32768,1.07,1.07,0.00,0.30,1.30,1.29,0.00,0.31,0.75,0.75,0.00,0.25,2.57,2.56,0.01,0.30
BM_StdUnorderedMap_Lookup_i32_StdStock_Hit100/4096,0.95,0.94,0.01,1.20,1.11,1.11,0.01,1.14,0.67,0.67,0.01,2.14,1.56,1.56,0.01,0.50
BM_StdUnorderedMap_Lookup_i32_StdStock_Hit100/512,0.85,0.85,0.01,1.20,1.00,1.00,0.00,0.31,0.56,0.56,0.00,0.50,1.36,1.36,0.00,0.25
BM_StdUnorderedMap_Lookup_i32_StdStock_Hit100/65536,0.97,0.97,0.00,0.46,1.20,1.20,0.01,0.68,0.67,0.67,0.00,0.12,2.78,2.78,0.00,0.00
BM_StdUnorderedMap_Lookup_i32_StdStock_Hit50/32768,1.26,1.27,0.00,0.30,1.45,1.45,0.01,0.61,0.88,0.88,0.00,0.28,2.79,2.79,0.01,0.31
BM_StdUnorderedMap_Lookup_i32_StdStock_Hit50/4096,1.21,1.21,0.01,1.03,1.37,1.37,0.01,0.73,0.85,0.85,0.01,0.76,1.94,1.94,0.02,1.04
BM_StdUnorderedMap_Lookup_i32_StdStock_Hit50/512,1.09,1.09,0.00,0.31,1.27,1.28,0.01,0.73,0.76,0.76,0.00,0.31,1.71,1.71,0.01,0.40
BM_StdUnorderedMap_Lookup_i32_StdStock_Hit50/65536,1.25,1.25,0.00,0.31,1.44,1.44,0.00,0.25,0.86,0.86,0.00,0.46,2.87,2.87,0.01,0.24
BM_StdUnorderedMap_Mixed_i32_StdSameAlloc/32768,1082.98,1082.98,4.25,0.39,1389.41,1390.96,6.49,0.47,1051.40,1053.74,3.20,0.30,2579.46,2585.39,8.12,0.31
BM_StdUnorderedMap_Mixed_i32_StdSameAlloc/4096,97.31,97.20,0.45,0.47,134.23,134.53,0.41,0.31,92.04,92.44,0.83,0.90,269.78,269.78,1.05,0.39
BM_StdUnorderedMap_Mixed_i32_StdSameAlloc/512,8.43,8.47,0.17,1.98,14.52,14.61,0.18,1.20,7.49,7.56,0.13,1.78,29.82,29.92,0.40,1.33
BM_StdUnorderedMap_Mixed_i32_StdSameAlloc/65536,2246.09,2246.09,2.22,0.10,2870.86,2864.58,8.59,0.30,2172.85,2182.62,13.37,0.61,6330.50,6330.50,0.00,0.00
BM_StdUnorderedMap_Mixed_i32_StdSameHashAlloc/32768,1004.46,1002.23,3.06,0.30,1199.37,1198.05,2.96,0.25,962.37,963.45,2.42,0.25,2745.36,2748.49,13.13,0.48
BM_StdUnorderedMap_Mixed_i32_StdSameHashAlloc/4096,88.38,88.28,0.22,0.25,109.25,109.25,0.43,0.40,84.11,84.01,0.39,0.46,293.22,293.88,0.91,0.31
BM_StdUnorderedMap_Mixed_i32_StdSameHashAlloc/512,8.46,8.33,0.22,2.64,10.74,10.79,0.19,1.76,7.73,7.76,0.08,1.07,33.33,33.44,0.16,0.49
BM_StdUnorderedMap_Mixed_i32_StdSameHashAlloc/65536,2086.36,2109.03,38.45,1.82,2469.31,2474.89,7.64,0.31,1995.65,1993.38,9.49,0.48,6659.84,6645.20,20.04,0.30
BM_StdUnorderedMap_Mixed_i32_StdStock/32768,1123.69,1122.44,2.81,0.25,1475.60,1472.32,4.49,0.30,1076.96,1078.17,2.69,0.25,3570.28,3570.28,31.71,0.89
BM_StdUnorderedMap_Mixed_i32_StdStock/4096,101.86,101.86,0.41,0.40,146.77,146.61,0.68,0.46,95.74,95.84,0.79,0.82,385.03,386.28,2.81,0.73
BM_StdUnorderedMap_Mixed_i32_StdStock/512,9.10,9.13,0.16,1.73,16.36,16.36,0.05,0.28,8.49,8.48,0.04,0.47,45.01,44.96,0.45,1.01
BM_StdUnorderedMap_Mixed_i32_StdStock/65536,2327.44,2398.60,159.46,6.65,3034.32,3034.32,3.53,0.12,2233.89,2231.45,10.21,0.46,7414.54,7456.43,59.24,0.79
I32EraseFixture/AuHashMap_Erase_i32/32768/manual_time,1796.60,1806.28,21.64,1.20,746.08,745.51,2.38,0.32,1387.76,1399.92,32.94,2.35,1335.47,1335.47,3.26,0.24
I32EraseFixture/AuHashMap_Erase_i32/4096/manual_time,162.52,164.31,3.74,2.28,60.49,60.12,0.57,0.95,128.91,128.99,0.52,0.40,119.78,119.85,0.15,0.13
I32EraseFixture/AuHashMap_Erase_i32/512/manual_time,19.29,19.28,0.05,0.23,7.37,7.35,0.10,1.35,15.41,15.41,0.07,0.46,14.30,14.27,0.11,0.77
I32EraseFixture/AuHashMap_Erase_i32/65536/manual_time,4089.58,4081.11,12.61,0.31,1733.15,1731.82,5.58,0.32,3092.57,3092.57,8.19,0.26,3778.53,3778.53,7.53,0.20
I32EraseFixture/StdUnorderedMap_Erase_i32_StdSameAlloc/32768/manual_time,1259.27,1260.11,3.52,0.28,1643.85,1643.85,5.61,0.34,1230.50,1229.70,1.79,0.15,2846.66,2846.66,0.00,0.00
I32EraseFixture/StdUnorderedMap_Erase_i32_StdSameAlloc/4096/manual_time,109.78,109.92,1.71,1.55,145.61,145.61,1.67,1.14,100.68,102.46,2.71,2.65,258.01,258.23,0.61,0.24
I32EraseFixture/StdUnorderedMap_Erase_i32_StdSameAlloc/512/manual_time,10.35,10.34,0.04,0.41,15.86,15.90,0.20,1.27,9.80,9.93,0.35,3.49,27.21,27.21,0.09,0.33
I32EraseFixture/StdUnorderedMap_Erase_i32_StdSameAlloc/65536/manual_time,2633.63,2644.23,35.02,1.32,3438.94,3443.73,18.17,0.53,2576.75,2728.44,228.86,8.39,6407.49,6410.57,6.90,0.11
I32EraseFixture/StdUnorderedMap_Erase_i32_StdSameHashAlloc/32768/manual_time,1197.14,1199.47,3.48,0.29,1336.81,1335.94,3.63,0.27,1142.84,1144.32,2.03,0.18,3148.57,3146.89,3.76,0.12
I32EraseFixture/StdUnorderedMap_Erase_i32_StdSameHashAlloc/4096/manual_time,100.65,100.82,1.46,1.45,119.08,119.02,1.46,1.23,97.21,96.76,1.86,1.92,295.08,296.07,1.78,0.60
I32EraseFixture/StdUnorderedMap_Erase_i32_StdSameHashAlloc/512/manual_time,9.88,9.88,0.03,0.32,12.44,12.50,0.27,2.18,8.97,8.96,0.05,0.57,31.44,31.64,0.48,1.52
I32EraseFixture/StdUnorderedMap_Erase_i32_StdSameHashAlloc/65536/manual_time,2510.27,2520.21,32.83,1.30,2804.72,2795.47,22.67,0.81,2434.75,2515.08,176.05,7.00,6987.24,6983.57,15.34,0.22
I32EraseFixture/StdUnorderedMap_Erase_i32_StdStock/32768/manual_time,1301.02,1301.87,1.90,0.15,1555.65,1558.59,12.28,0.79,1260.60,1269.43,17.59,1.39,4735.76,4735.76,43.97,0.93
I32EraseFixture/StdUnorderedMap_Erase_i32_StdStock/4096/manual_time,113.35,113.48,1.19,1.05,142.75,142.91,1.86,1.30,109.62,109.14,1.41,1.30,405.71,406.38,2.88,0.71
I32EraseFixture/StdUnorderedMap_Erase_i32_StdStock/512/manual_time,11.18,11.28,0.35,3.12,15.55,15.72,0.45,2.89,10.38,10.41,0.19,1.86,46.14,46.54,2.25,4.83
I32EraseFixture/StdUnorderedMap_Erase_i32_StdStock/65536/manual_time,2710.00,2711.79,16.00,0.59,3222.32,3380.19,221.15,6.54,2662.17,2649.99,21.84,0.82,9983.52,9945.49,85.04,0.86
